<?xml version="1.0" encoding="UTF-8"?>
<project-private xmlns="http://www.netbeans.org/ns/project-private/1">
    <editor-bookmarks xmlns="http://www.netbeans.org/ns/editor-bookmarks/2" lastBookmarkId="0"/>
    <open-files xmlns="http://www.netbeans.org/ns/projectui-open-files/2">
        <group>
            <file>file:/C:/xampp/htdocs/m171/market/dao/clsItemDAO.php</file>
            <file>file:/C:/xampp/htdocs/m171/market/dao/clsProdutoDAO.php</file>
            <file>file:/C:/xampp/htdocs/m171/market/finalizarPedido.php</file>
            <file>file:/C:/xampp/htdocs/m171/market/dao/clsConexao.php</file>
            <file>file:/C:/xampp/htdocs/m171/market/model/clsCidade.php</file>
            <file>file:/C:/xampp/htdocs/m171/market/controller/salvarPedido.php</file>
            <file>file:/C:/xampp/htdocs/m171/market/model/clsItem.php</file>
            <file>file:/C:/xampp/htdocs/m171/market/cidades.php</file>
            <file>file:/C:/xampp/htdocs/m171/market/dao/clsPedidoDAO.php</file>
            <file>file:/C:/xampp/htdocs/m171/market/pedidos.php</file>
            <file>file:/C:/xampp/htdocs/m171/market/model/clsPedido.php</file>
        </group>
    </open-files>
</project-private>
